{
  "BM25 (lexical)": [
    0.6931620087405368,
    0.825
  ],
  "MiniLM-multilingual": [
    0.016865071699096137,
    0.04
  ],
  "BM25 + MiniLM-multilingual (RRF)": [
    0.6128418139410217,
    0.76
  ]
}