{
  "BM25 (lexical)": [
    0.6931620087405368,
    0.825
  ],
  "MiniLM-multilingual": [
    0.016865071699096137,
    0.04
  ],
  "BM25 + MiniLM-multilingual (RRF)": [
    0.6128418139410217,
    0.76
  ],
  "serafim-335m (SOTA PT)": [
    0.12682039658456587,
    0.22
  ],
  "BM25 + serafim-335m (SOTA PT) (RRF)": [
    0.5558486299236719,
    0.77
  ],
  "bge-m3 (SOTA multi)": [
    0.3470430899033976,
    0.47
  ],
  "BM25 + bge-m3 (SOTA multi) (RRF)": [
    0.6115557681154877,
    0.795
  ]
}